Source URL,Target URL,Status,Preserve query string,Include subdomains,Subpath matching,Preserve path suffix
https://tagspecialist.ca/blog/1765093346063,https://tagspecialist.ca/blog/mastering-server-side-ga4-cloud-run-bigquery-gtm,301,false,true,false,false
https://tagspecialist.ca/blog/1765093378393,https://tagspecialist.ca/blog/troubleshooting-monitoring-server-side-ga4-cloud-run,301,false,true,false,false
https://tagspecialist.ca/blog/1765094474285,https://tagspecialist.ca/blog/enforcing-data-quality-privacy-server-side-transformations-gtm-cloud-run-ga4,301,false,true,false,false
https://tagspecialist.ca/blog/1765141942247,https://tagspecialist.ca/blog/activating-server-side-ga4-data-insights-audiences,301,false,true,false,false
https://tagspecialist.ca/blog/1765180873656,https://tagspecialist.ca/blog/granular-consent-enforcement-server-side-ga4-cloud-run-cmp,301,false,true,false,false
https://tagspecialist.ca/blog/1765216106450,https://tagspecialist.ca/blog/real-time-feature-flags-firestore-server-side-ga4-cloud-run,301,false,true,false,false
https://tagspecialist.ca/blog/1765238307549,https://tagspecialist.ca/blog/server-side-first-party-cookie-management-cross-domain-ga4-gtm-cloud-run,301,false,true,false,false
https://tagspecialist.ca/blog/1765267279902,https://tagspecialist.ca/blog/orchestrating-multi-platform-server-side-tracking-ga4-facebook-capi-google-ads-cloud-run,301,false,true,false,false
https://tagspecialist.ca/blog/1765340342208,https://tagspecialist.ca/blog/mastering-item-level-data-server-side-ga4-gtm-cloud-run-items-array,301,false,true,false,false
https://tagspecialist.ca/blog/1765353677116,https://tagspecialist.ca/blog/server-side-event-data-lake-gtm-sc-bigquery-cloud-run,301,false,true,false,false
https://tagspecialist.ca/blog/1765440075875,https://tagspecialist.ca/blog/real-time-product-enrichment-ga4-items-firestore-cloud-run,301,false,true,false,false
https://tagspecialist.ca/blog/1765526549980,https://tagspecialist.ca/blog/decoupling-server-side-ga4-async-pubsub-cloud-run,301,false,true,false,false
https://tagspecialist.ca/blog/1765612876691,https://tagspecialist.ca/blog/advanced-pii-detection-redaction-server-side-ga4-gtm-cloud-run-dlp,301,false,true,false,false
https://tagspecialist.ca/blog/1765699274581,https://tagspecialist.ca/blog/automate-server-side-ga4-cicd-gtm-cloud-run,301,false,true,false,false
https://tagspecialist.ca/blog/1765785716140,https://tagspecialist.ca/blog/dynamic-config-management-server-side-ga4-environments,301,false,true,false,false
https://tagspecialist.ca/blog/1765872076332,https://tagspecialist.ca/blog/cost-performance-optimization-server-side-ga4-cloud-run,301,false,true,false,false
https://tagspecialist.ca/blog/1765958501296,https://tagspecialist.ca/blog/server-side-ab-testing-ga4-gtm-cloud-run-firestore,301,false,true,false,false
https://tagspecialist.ca/blog/1766044939391,https://tagspecialist.ca/blog/capturing-referrer-user-agent-server-side-ga4-gtm-cloud-run,301,false,true,false,false
https://tagspecialist.ca/blog/1766131281377,https://tagspecialist.ca/blog/server-side-event-deduplication-ga4-gtm-cloud-run,301,false,true,false,false
https://tagspecialist.ca/blog/1766217674838,https://tagspecialist.ca/blog/unifying-raw-gtm-sc-events-ga4-export-bigquery-holistic-analytics,301,false,true,false,false
https://tagspecialist.ca/blog/1766304088324,https://tagspecialist.ca/blog/replay-lost-ga4-data-backfill-bigquery-cloud-run,301,false,true,false,false
https://tagspecialist.ca/blog/1766390665255,https://tagspecialist.ca/blog/unlocking-user-journeys-server-side-session-user-stitching-ga4-gtm-cloud-run,301,false,true,false,false
https://tagspecialist.ca/blog/1766476877221,https://tagspecialist.ca/blog/real-time-data-quality-anomaly-detection-server-side-ga4-cloud-logging-monitoring,301,false,true,false,false
https://tagspecialist.ca/blog/1766563294585,https://tagspecialist.ca/blog/server-side-schema-enforcement-ga4-gtm-cloud-run,301,false,true,false,false
https://tagspecialist.ca/blog/1766649674972,https://tagspecialist.ca/blog/precise-timezone-management-server-side-ga4-gtm-cloud-run-pytz,301,false,true,false,false
https://tagspecialist.ca/blog/1766736078678,https://tagspecialist.ca/blog/building-custom-data-warehouse-bigquery-gtm-cloud-run,301,false,true,false,false
https://tagspecialist.ca/blog/1766822483258,https://tagspecialist.ca/blog/server-side-conversion-validation-reconciliation-ga4,301,false,true,false,false
https://tagspecialist.ca/blog/1766908883854,https://tagspecialist.ca/blog/activating-real-time-personalization-server-side-ga4-cloud-run-firestore,301,false,true,false,false
https://tagspecialist.ca/blog/1766995279827,https://tagspecialist.ca/blog/demystifying-server-side-data-catalog-ga4-gtm-cloud-run-data-catalog,301,false,true,false,false
https://tagspecialist.ca/blog/1767081690738,https://tagspecialist.ca/blog/dynamic-client-side-gtm-control-server-side-cloud-run,301,false,true,false,false
https://tagspecialist.ca/blog/1767168080477,https://tagspecialist.ca/blog/server-side-url-sanitization-ga4-gtm-cloud-run,301,false,true,false,false
https://tagspecialist.ca/blog/1767254489907,https://tagspecialist.ca/blog/consent-lifecycle-expiration-reconsent-server-side-ga4-gtm-cloud-run-firestore,301,false,true,false,false
https://tagspecialist.ca/blog/1767340888964,https://tagspecialist.ca/blog/real-time-interactive-experiences-websockets-cloud-run,301,false,true,false,false
https://tagspecialist.ca/blog/1767427288008,https://tagspecialist.ca/blog/bridging-offline-online-gap-batch-data-ga4-server-side-cloud-storage-cloud-run-pubsub,301,false,true,false,false
https://tagspecialist.ca/blog/1767513673662,https://tagspecialist.ca/blog/governing-processed-ga4-data-bigquery-rls-cls-masking,301,false,true,false,false
https://tagspecialist.ca/blog/1767600089192,https://tagspecialist.ca/blog/unlocking-true-roas-server-side-ga4-google-facebook-ads-bigquery-custom-attribution,301,false,true,false,false
https://tagspecialist.ca/blog/1767686483920,https://tagspecialist.ca/blog/real-time-data-validation-sandbox-server-side-ga4-cloud-run,301,false,true,false,false
https://tagspecialist.ca/blog/1767772881351,https://tagspecialist.ca/blog/powering-business-logic-real-time-backend-updates-server-side-ga4-cloud-run,301,false,true,false,false
https://tagspecialist.ca/blog/1770192084020,https://tagspecialist.ca/blog/server-side-ga4-event-decision-engine-dynamic-transformations-gtm-cloud-run-firestore,301,false,true,false,false
https://tagspecialist.ca/blog/1770278469799,https://tagspecialist.ca/blog/universal-data-ingestion-custom-gtm-server-container-clients,301,false,true,false,false
https://tagspecialist.ca/blog/1770364876360,https://tagspecialist.ca/blog/shopify-server-side-tracking-comparison-gtm-cloud-run-elevar-stape,301,false,true,false,false
https://tagspecialist.ca/blog/1776000000001,https://tagspecialist.ca/blog/server-side-tagging-best-practices-2026,301,false,true,false,false
https://tagspecialist.ca/blog/1778500000001,https://tagspecialist.ca/blog/google-ads-enhanced-conversions-unification-june-2026,301,false,true,false,false
https://tagspecialist.ca/blog/1778600000001,https://tagspecialist.ca/blog/meta-capi-2026-pixel-only-emq-migration,301,false,true,false,false
https://tagspecialist.ca/blog/1778700000001,https://tagspecialist.ca/blog/stape-vs-cloud-run-server-side-gtm-2026,301,false,true,false,false
https://tagspecialist.ca/blog/1778800000001,https://tagspecialist.ca/blog/cross-device-attribution-saas-stripe-client-reference-id-2026,301,false,true,false,false
https://tagspecialist.ca/blog/1778900000001,https://tagspecialist.ca/blog/consent-compliant-server-side-tracking-gdpr-2026,301,false,true,false,false
https://tagspecialist.ca/blog/1779000000001,https://tagspecialist.ca/blog/stape-vs-addingwell-vs-self-hosted-server-side-gtm-2026,301,false,true,false,false
https://tagspecialist.ca/blog/1779200000001,https://tagspecialist.ca/blog/server-side-gtm-cloud-run-production-architecture-2026,301,false,true,false,false
https://tagspecialist.ca/blog/1779300000001,https://tagspecialist.ca/blog/what-is-google-agent-development-kit-adk-2026-field-guide,301,false,true,false,false
https://tagspecialist.ca/blog/1779400000001,https://tagspecialist.ca/blog/marketing-analytics-ai-agent-google-adk-bigquery-2026,301,false,true,false,false
